time,source,band_0,band_1,band_2,band_3,band_4,band_5,band_6,band_7,band_8,band_9,band_10,band_11,band_12,band_13,band_14,band_15,band_16,band_17,band_18,band_19,band_20,band_21,band_22,band_23,band_24,band_25,band_26,band_27,band_28,band_29,band_30,band_31
45.0,ref,-80.00,-80.00,-80.00,-80.00,-60.79,-56.96,-61.24,-66.11,-69.80,-63.04,-60.89,-62.98,-61.17,-63.89,-50.27,-62.89,-61.79,-59.24,-68.70,-69.56,-76.43,-78.50,-78.19,-80.00,-80.00,-80.00,-80.00,-80.00,-80.00,-80.00,-80.00,-80.00
45.0,room,-80.00,-80.00,-78.66,-69.85,-54.90,-51.61,-51.86,-51.83,-58.88,-62.62,-60.49,-56.93,-57.17,-60.17,-51.86,-60.37,-57.87,-54.29,-66.11,-68.13,-75.24,-77.53,-76.43,-80.00,-80.00,-80.00,-80.00,-80.00,-80.00,-80.00,-80.00,-80.00
45.0,processed,-80.00,-80.00,-80.00,-78.51,-57.89,-56.08,-52.68,-53.64,-62.07,-66.25,-62.40,-55.98,-63.25,-60.53,-64.77,-64.89,-61.61,-61.29,-65.65,-69.53,-79.05,-80.00,-80.00,-80.00,-80.00,-80.00,-80.00,-80.00,-80.00,-80.00,-80.00,-80.00
45.1,ref,-80.00,-80.00,-80.00,-80.00,-58.32,-67.66,-71.99,-59.85,-77.42,-68.83,-69.75,-63.95,-67.69,-61.39,-45.79,-63.78,-58.85,-57.98,-71.04,-71.29,-73.39,-75.98,-78.21,-80.00,-80.00,-80.00,-80.00,-80.00,-80.00,-80.00,-80.00,-80.00
45.1,room,-80.00,-80.00,-80.00,-70.06,-53.07,-54.36,-62.32,-55.22,-61.33,-61.74,-62.42,-56.53,-59.35,-63.11,-51.72,-60.74,-58.17,-53.84,-63.34,-68.74,-74.40,-76.95,-76.53,-80.00,-80.00,-80.00,-80.00,-80.00,-80.00,-80.00,-80.00,-80.00
45.1,processed,-80.00,-80.00,-80.00,-79.66,-55.12,-57.74,-61.46,-56.29,-66.25,-62.71,-63.63,-54.89,-67.18,-60.35,-59.61,-65.65,-63.85,-58.60,-65.49,-71.36,-79.60,-80.00,-80.00,-80.00,-80.00,-80.00,-80.00,-80.00,-80.00,-80.00,-80.00,-80.00
45.2,ref,-80.00,-80.00,-77.32,-62.74,-68.90,-71.32,-70.91,-63.42,-68.95,-74.77,-68.79,-62.50,-65.69,-63.92,-55.03,-65.11,-59.10,-55.30,-71.07,-69.82,-74.75,-76.89,-78.83,-80.00,-80.00,-80.00,-80.00,-80.00,-80.00,-80.00,-80.00,-80.00
45.2,room,-80.00,-80.00,-76.99,-62.73,-60.55,-61.51,-53.46,-51.45,-61.56,-67.07,-63.38,-60.63,-65.70,-63.93,-52.80,-62.72,-62.20,-54.85,-68.06,-72.87,-76.11,-79.22,-77.54,-80.00,-80.00,-80.00,-80.00,-80.00,-80.00,-80.00,-80.00,-80.00
45.2,processed,-80.00,-80.00,-80.00,-66.48,-67.85,-67.69,-56.36,-55.53,-66.79,-65.99,-64.06,-54.57,-66.39,-63.64,-58.81,-66.28,-62.49,-58.38,-65.67,-70.47,-80.00,-80.00,-80.00,-80.00,-80.00,-80.00,-80.00,-80.00,-80.00,-80.00,-80.00,-80.00
45.3,ref,-80.00,-80.00,-71.99,-64.10,-69.02,-72.04,-62.88,-67.02,-67.94,-72.56,-65.76,-67.70,-67.90,-62.63,-53.84,-64.95,-59.42,-56.98,-68.80,-68.93,-73.78,-76.84,-78.56,-80.00,-80.00,-80.00,-80.00,-80.00,-80.00,-80.00,-80.00,-80.00
45.3,room,-80.00,-80.00,-73.72,-60.89,-60.54,-63.82,-56.74,-56.33,-60.81,-62.91,-64.43,-52.01,-61.42,-62.68,-50.37,-61.69,-59.13,-55.05,-60.71,-62.97,-68.47,-74.95,-75.39,-80.00,-80.00,-80.00,-80.00,-80.00,-80.00,-80.00,-80.00,-80.00
45.3,processed,-80.00,-80.00,-76.39,-64.59,-63.13,-66.25,-62.68,-59.40,-65.79,-66.74,-67.48,-56.67,-66.90,-63.37,-59.91,-66.89,-63.30,-58.08,-68.58,-70.66,-78.99,-80.00,-80.00,-80.00,-80.00,-80.00,-80.00,-80.00,-80.00,-80.00,-80.00,-80.00
45.4,ref,-80.00,-80.00,-76.25,-77.07,-73.62,-62.79,-58.53,-60.73,-58.76,-56.32,-53.08,-51.23,-56.03,-55.73,-47.73,-57.65,-50.25,-50.97,-57.05,-57.29,-63.68,-70.35,-74.48,-75.87,-75.06,-80.00,-80.00,-80.00,-80.00,-80.00,-80.00,-80.00
45.4,room,-80.00,-80.00,-77.30,-65.39,-72.08,-57.99,-54.11,-53.90,-56.18,-56.93,-56.50,-53.42,-60.24,-59.60,-51.62,-58.73,-59.35,-54.73,-63.68,-65.37,-72.13,-77.09,-71.56,-80.00,-80.00,-80.00,-80.00,-80.00,-80.00,-80.00,-80.00,-80.00
45.4,processed,-80.00,-80.00,-80.00,-74.17,-72.41,-62.52,-59.30,-57.94,-64.33,-66.75,-59.13,-55.61,-62.77,-64.16,-57.36,-64.96,-62.91,-59.52,-67.70,-68.64,-75.66,-80.00,-80.00,-80.00,-80.00,-80.00,-80.00,-80.00,-80.00,-80.00,-80.00,-80.00
45.5,ref,-80.00,-80.00,-80.00,-76.24,-58.38,-58.91,-69.04,-66.97,-76.25,-63.85,-62.13,-64.02,-65.79,-62.09,-50.71,-63.79,-58.92,-61.21,-62.72,-67.69,-70.49,-74.25,-78.37,-77.91,-80.00,-80.00,-80.00,-80.00,-80.00,-80.00,-80.00,-80.00
45.5,room,-80.00,-78.13,-79.38,-66.34,-52.56,-52.05,-55.41,-56.46,-58.30,-62.99,-61.07,-56.67,-64.13,-65.24,-56.76,-64.47,-61.26,-62.84,-64.54,-69.60,-72.77,-76.56,-73.74,-80.00,-80.00,-80.00,-80.00,-80.00,-80.00,-80.00,-80.00,-80.00
45.5,processed,-80.00,-80.00,-80.00,-74.62,-56.06,-57.36,-55.97,-57.85,-62.59,-64.02,-61.81,-54.92,-66.57,-66.21,-57.72,-65.02,-62.25,-59.93,-69.17,-70.59,-78.50,-80.00,-80.00,-80.00,-80.00,-80.00,-80.00,-80.00,-80.00,-80.00,-80.00,-80.00
45.6,ref,-80.00,-80.00,-80.00,-79.12,-74.60,-67.22,-58.46,-56.68,-72.14,-75.75,-71.86,-64.26,-62.33,-55.21,-54.22,-61.55,-52.89,-55.76,-60.04,-69.49,-70.95,-75.13,-77.87,-80.00,-80.00,-80.00,-80.00,-80.00,-80.00,-80.00,-80.00,-80.00
45.6,room,-80.00,-80.00,-80.00,-72.80,-65.55,-52.90,-49.34,-48.12,-64.74,-63.71,-66.32,-58.03,-62.37,-56.25,-53.52,-61.46,-56.81,-52.94,-61.21,-68.00,-72.62,-77.75,-79.57,-80.00,-80.00,-80.00,-80.00,-80.00,-80.00,-80.00,-80.00,-80.00
45.6,processed,-80.00,-80.00,-80.00,-76.76,-67.99,-63.36,-53.50,-50.57,-61.44,-70.26,-63.63,-57.40,-65.83,-61.65,-62.75,-68.54,-61.39,-60.68,-67.19,-70.83,-77.90,-80.00,-80.00,-80.00,-80.00,-80.00,-80.00,-80.00,-80.00,-80.00,-80.00,-80.00
45.7,ref,-80.00,-80.00,-80.00,-76.58,-61.28,-64.49,-67.12,-64.36,-69.02,-65.57,-58.87,-55.98,-61.28,-54.37,-53.62,-60.08,-49.26,-51.71,-57.97,-59.65,-67.74,-71.91,-75.57,-78.15,-79.66,-80.00,-80.00,-80.00,-80.00,-80.00,-80.00,-80.00
45.7,room,-80.00,-80.00,-77.52,-71.00,-54.68,-55.21,-58.66,-55.88,-58.54,-57.20,-58.88,-48.44,-57.72,-55.75,-56.04,-60.71,-53.98,-50.51,-56.91,-60.31,-69.71,-73.92,-77.51,-80.00,-80.00,-80.00,-80.00,-80.00,-80.00,-80.00,-80.00,-80.00
45.7,processed,-80.00,-80.00,-80.00,-77.06,-61.32,-66.30,-56.43,-56.11,-64.49,-67.59,-65.17,-56.17,-65.16,-61.85,-58.85,-65.46,-60.47,-59.82,-67.75,-69.66,-75.78,-80.00,-80.00,-80.00,-80.00,-80.00,-80.00,-80.00,-80.00,-80.00,-80.00,-80.00
45.8,ref,-80.00,-80.00,-80.00,-78.44,-70.50,-57.89,-57.76,-58.84,-60.00,-57.12,-56.01,-53.50,-58.32,-57.38,-55.05,-58.37,-50.98,-53.79,-60.42,-61.76,-68.92,-72.54,-76.77,-77.90,-80.00,-80.00,-80.00,-80.00,-80.00,-80.00,-80.00,-80.00
45.8,room,-80.00,-80.00,-80.00,-74.29,-61.82,-52.31,-57.37,-55.91,-56.64,-61.47,-59.61,-58.45,-58.03,-58.96,-55.34,-57.99,-57.42,-55.29,-64.81,-67.42,-72.46,-76.95,-79.28,-80.00,-80.00,-80.00,-80.00,-80.00,-80.00,-80.00,-80.00,-80.00
45.8,processed,-80.00,-80.00,-80.00,-80.00,-65.14,-57.02,-68.48,-61.71,-63.60,-67.29,-59.19,-55.37,-62.36,-63.43,-62.69,-63.55,-59.86,-58.79,-64.53,-68.29,-76.54,-80.00,-80.00,-80.00,-80.00,-80.00,-80.00,-80.00,-80.00,-80.00,-80.00,-80.00
45.9,ref,-80.00,-80.00,-80.00,-80.00,-58.91,-66.33,-70.44,-61.01,-76.22,-67.29,-61.88,-62.56,-60.64,-59.82,-46.28,-60.03,-59.40,-57.12,-68.27,-68.63,-72.71,-74.46,-76.54,-78.20,-80.00,-80.00,-80.00,-80.00,-80.00,-80.00,-80.00,-80.00
45.9,room,-80.00,-77.66,-80.00,-80.00,-50.95,-50.83,-51.40,-52.62,-57.87,-62.24,-60.84,-58.12,-64.38,-60.72,-51.23,-61.84,-59.75,-56.42,-68.88,-68.81,-70.71,-76.00,-77.50,-80.00,-80.00,-80.00,-80.00,-80.00,-80.00,-80.00,-80.00,-80.00
45.9,processed,-80.00,-80.00,-80.00,-80.00,-57.10,-60.33,-53.87,-54.55,-59.72,-66.24,-62.87,-53.66,-65.31,-63.90,-60.64,-64.42,-60.53,-57.37,-65.01,-69.73,-78.29,-80.00,-80.00,-80.00,-80.00,-80.00,-80.00,-80.00,-80.00,-80.00,-80.00,-80.00
46.0,ref,-80.00,-80.00,-78.93,-71.04,-61.60,-62.46,-61.40,-62.98,-67.00,-71.50,-65.79,-64.62,-65.78,-62.09,-49.36,-61.63,-56.99,-55.01,-69.20,-65.86,-72.36,-75.56,-77.24,-76.84,-80.00,-80.00,-80.00,-80.00,-80.00,-80.00,-80.00,-80.00
46.0,room,-80.00,-80.00,-80.00,-73.37,-55.79,-53.12,-53.48,-55.61,-61.05,-64.46,-63.81,-61.45,-63.21,-62.92,-55.04,-61.55,-57.67,-53.30,-67.83,-67.71,-72.26,-75.68,-79.74,-80.00,-80.00,-80.00,-80.00,-80.00,-80.00,-80.00,-80.00,-80.00
46.0,processed,-80.00,-80.00,-80.00,-76.25,-61.07,-60.98,-67.96,-57.38,-66.26,-67.95,-61.32,-55.95,-62.89,-61.22,-57.16,-65.32,-61.11,-58.31,-64.89,-70.71,-78.08,-80.00,-80.00,-80.00,-80.00,-80.00,-80.00,-80.00,-80.00,-80.00,-80.00,-80.00
46.1,ref,-80.00,-80.00,-74.76,-62.35,-69.90,-69.81,-68.93,-66.33,-67.65,-73.33,-68.12,-67.14,-64.05,-60.53,-51.72,-60.12,-60.11,-53.81,-67.91,-67.97,-73.18,-72.63,-75.82,-78.88,-80.00,-80.00,-80.00,-80.00,-80.00,-80.00,-80.00,-80.00
46.1,room,-80.00,-80.00,-74.19,-60.43,-59.16,-53.85,-56.30,-59.08,-61.14,-69.21,-62.70,-61.41,-63.69,-61.57,-51.45,-58.34,-56.66,-54.30,-64.94,-66.71,-70.20,-74.79,-75.23,-80.00,-80.00,-80.00,-80.00,-80.00,-80.00,-80.00,-80.00,-80.00
46.1,processed,-80.00,-80.00,-80.00,-64.81,-64.61,-61.32,-60.62,-61.54,-66.40,-70.02,-64.68,-56.30,-64.17,-61.74,-58.58,-64.59,-61.37,-57.78,-67.62,-69.68,-79.21,-80.00,-80.00,-80.00,-80.00,-80.00,-80.00,-80.00,-80.00,-80.00,-80.00,-80.00
46.2,ref,-80.00,-80.00,-70.16,-68.63,-76.85,-73.69,-64.33,-67.85,-62.47,-59.95,-54.12,-51.08,-56.84,-58.59,-52.21,-57.14,-48.61,-48.98,-55.19,-55.69,-65.35,-69.30,-74.59,-76.02,-75.18,-77.87,-80.00,-80.00,-80.00,-80.00,-80.00,-80.00
46.2,room,-80.00,-80.00,-73.93,-63.85,-62.66,-61.75,-56.61,-60.73,-56.29,-55.71,-57.07,-46.83,-57.45,-59.53,-51.96,-59.06,-52.54,-53.51,-58.48,-60.17,-67.18,-72.34,-76.14,-80.00,-80.00,-80.00,-80.00,-80.00,-80.00,-80.00,-80.00,-80.00
46.2,processed,-80.00,-80.00,-76.47,-67.34,-64.39,-67.35,-64.60,-63.19,-61.54,-66.76,-64.14,-55.66,-62.58,-64.25,-60.46,-63.04,-60.63,-56.72,-65.86,-67.83,-77.59,-80.00,-80.00,-80.00,-80.00,-80.00,-80.00,-80.00,-80.00,-80.00,-80.00,-80.00
46.3,ref,-80.00,-80.00,-79.50,-76.54,-62.46,-57.85,-58.85,-62.96,-67.06,-61.04,-61.13,-63.17,-63.73,-61.50,-48.04,-61.57,-58.44,-59.63,-62.54,-68.90,-70.45,-72.85,-76.74,-80.00,-80.00,-80.00,-80.00,-80.00,-80.00,-80.00,-80.00,-80.00
46.3,room,-78.09,-78.60,-80.00,-68.84,-55.52,-51.21,-50.93,-52.34,-59.72,-64.35,-59.63,-57.54,-61.90,-60.76,-54.48,-64.62,-56.49,-57.63,-65.43,-69.73,-70.99,-74.64,-77.04,-80.00,-80.00,-80.00,-80.00,-80.00,-80.00,-80.00,-80.00,-80.00
46.3,processed,-80.00,-80.00,-80.00,-80.00,-61.56,-58.56,-53.77,-54.36,-62.04,-66.97,-60.16,-57.29,-62.72,-65.19,-56.65,-65.52,-62.36,-57.89,-65.71,-68.81,-78.23,-80.00,-80.00,-80.00,-80.00,-80.00,-80.00,-80.00,-80.00,-80.00,-80.00,-80.00
46.4,ref,-80.00,-80.00,-80.00,-78.46,-58.72,-69.04,-66.49,-61.97,-75.79,-72.01,-62.61,-61.43,-66.65,-61.06,-54.92,-62.11,-54.88,-60.16,-61.84,-69.83,-71.59,-71.70,-76.31,-79.95,-80.00,-80.00,-80.00,-80.00,-80.00,-80.00,-80.00,-80.00
46.4,room,-80.00,-80.00,-80.00,-73.00,-51.05,-53.05,-56.99,-52.04,-62.26,-61.18,-59.10,-60.40,-61.40,-60.13,-52.66,-60.83,-53.10,-58.70,-63.47,-68.29,-71.06,-76.03,-76.75,-77.91,-80.00,-80.00,-80.00,-80.00,-80.00,-80.00,-80.00,-80.00
46.4,processed,-80.00,-80.00,-80.00,-79.27,-55.62,-60.14,-59.33,-56.35,-64.10,-65.63,-63.16,-54.79,-68.02,-64.79,-59.54,-65.55,-61.98,-58.19,-65.93,-69.41,-78.39,-80.00,-80.00,-80.00,-80.00,-80.00,-80.00,-80.00,-80.00,-80.00,-80.00,-80.00
46.5,ref,-80.00,-80.00,-80.00,-80.00,-67.62,-75.59,-61.14,-55.33,-76.85,-74.23,-69.23,-60.23,-67.69,-54.48,-56.96,-65.31,-53.88,-60.30,-64.66,-73.49,-70.89,-75.01,-77.47,-77.90,-80.00,-80.00,-80.00,-80.00,-80.00,-80.00,-80.00,-80.00
46.5,room,-80.00,-80.00,-80.00,-73.79,-60.42,-57.70,-50.50,-47.67,-63.52,-68.25,-64.52,-62.39,-63.95,-56.71,-52.99,-57.46,-54.67,-54.46,-62.41,-67.69,-72.22,-77.16,-79.18,-80.00,-80.00,-80.00,-80.00,-80.00,-80.00,-80.00,-80.00,-80.00
46.5,processed,-80.00,-80.00,-80.00,-76.71,-65.18,-64.28,-53.45,-50.54,-65.67,-69.92,-60.79,-54.58,-65.71,-60.65,-60.91,-65.43,-60.95,-60.18,-65.29,-69.81,-79.22,-79.15,-80.00,-80.00,-80.00,-80.00,-80.00,-80.00,-80.00,-80.00,-80.00,-80.00
46.6,ref,-80.00,-80.00,-80.00,-75.55,-61.81,-60.97,-59.00,-58.94,-68.17,-69.40,-63.31,-59.58,-58.71,-52.34,-50.71,-59.62,-52.13,-50.63,-59.38,-68.86,-71.10,-73.84,-78.24,-80.00,-80.00,-80.00,-80.00,-80.00,-80.00,-80.00,-80.00,-80.00
46.6,room,-80.00,-80.00,-79.46,-72.26,-57.86,-53.99,-52.25,-50.01,-61.05,-67.28,-66.17,-52.65,-63.29,-57.55,-54.55,-60.37,-53.13,-52.10,-60.31,-60.99,-69.64,-74.71,-80.00,-80.00,-80.00,-80.00,-80.00,-80.00,-80.00,-80.00,-80.00,-80.00
46.6,processed,-80.00,-80.00,-80.00,-76.69,-72.60,-71.53,-56.13,-52.36,-71.01,-68.44,-63.48,-56.01,-62.18,-60.07,-60.78,-63.89,-60.89,-58.97,-66.05,-70.09,-77.52,-79.46,-80.00,-80.00,-80.00,-80.00,-80.00,-80.00,-80.00,-80.00,-80.00,-80.00
46.7,ref,-80.00,-80.00,-80.00,-74.60,-69.63,-68.49,-59.74,-60.82,-59.41,-56.96,-53.31,-48.70,-55.30,-59.05,-56.25,-58.31,-46.14,-49.10,-55.18,-55.57,-64.30,-68.90,-74.21,-74.71,-74.45,-76.89,-79.13,-80.00,-80.00,-80.00,-80.00,-80.00
46.7,room,-80.00,-80.00,-80.00,-71.17,-62.54,-57.27,-51.39,-52.80,-55.50,-56.45,-54.95,-51.23,-54.77,-57.55,-54.27,-59.96,-53.97,-51.36,-60.90,-61.09,-71.31,-75.37,-79.60,-80.00,-80.00,-80.00,-80.00,-80.00,-80.00,-80.00,-80.00,-80.00
46.7,processed,-80.00,-80.00,-80.00,-76.75,-71.44,-68.32,-58.32,-58.92,-65.85,-67.02,-60.31,-53.87,-61.83,-63.90,-61.75,-65.32,-58.61,-59.47,-64.45,-67.04,-75.98,-79.12,-80.00,-80.00,-80.00,-80.00,-80.00,-80.00,-80.00,-80.00,-80.00,-80.00
46.8,ref,-80.00,-80.00,-79.21,-80.00,-60.04,-58.06,-65.61,-65.33,-70.97,-64.66,-63.92,-64.11,-62.92,-59.62,-50.14,-60.36,-56.65,-56.69,-66.79,-69.15,-72.38,-73.07,-75.20,-80.00,-80.00,-80.00,-80.00,-80.00,-80.00,-80.00,-80.00,-80.00
46.8,room,-77.47,-76.92,-75.12,-67.59,-54.23,-50.39,-52.65,-52.09,-59.85,-62.15,-59.29,-55.07,-60.29,-59.48,-50.69,-62.07,-55.96,-55.23,-64.02,-67.04,-73.11,-75.80,-77.56,-79.03,-80.00,-80.00,-80.00,-80.00,-80.00,-80.00,-80.00,-80.00
46.8,processed,-80.00,-80.00,-80.00,-77.00,-57.74,-56.68,-53.48,-51.36,-63.78,-67.06,-64.39,-55.54,-63.62,-60.12,-61.98,-62.56,-59.82,-59.37,-66.93,-69.77,-77.86,-79.60,-80.00,-80.00,-80.00,-80.00,-80.00,-80.00,-80.00,-80.00,-80.00,-80.00
46.9,ref,-80.00,-80.00,-77.73,-63.04,-66.64,-74.23,-67.68,-64.71,-69.75,-69.90,-70.61,-65.45,-66.70,-63.27,-53.07,-62.73,-61.49,-55.02,-71.35,-66.99,-71.61,-74.14,-76.31,-78.20,-80.00,-80.00,-80.00,-80.00,-80.00,-80.00,-80.00,-80.00
46.9,room,-80.00,-80.00,-80.00,-64.14,-59.08,-58.84,-54.28,-52.55,-64.13,-65.20,-65.84,-58.70,-63.20,-62.45,-51.68,-64.38,-57.99,-51.83,-65.34,-65.87,-74.03,-76.96,-79.95,-80.00,-80.00,-80.00,-80.00,-80.00,-80.00,-80.00,-80.00,-80.00
46.9,processed,-80.00,-80.00,-80.00,-66.59,-65.23,-69.60,-60.72,-58.61,-64.66,-67.92,-66.49,-54.03,-65.61,-63.02,-58.47,-66.57,-60.56,-57.99,-67.04,-69.61,-79.23,-80.00,-80.00,-80.00,-80.00,-80.00,-80.00,-80.00,-80.00,-80.00,-80.00,-80.00
47.0,ref,-80.00,-80.00,-69.40,-64.31,-70.46,-72.47,-60.42,-66.72,-69.64,-69.62,-63.45,-59.21,-62.60,-62.53,-51.97,-61.71,-56.69,-53.56,-61.99,-63.76,-69.29,-74.04,-77.30,-76.46,-80.00,-80.00,-80.00,-80.00,-80.00,-80.00,-80.00,-80.00
47.0,room,-80.00,-80.00,-74.88,-61.42,-63.73,-68.00,-55.77,-57.03,-59.54,-60.08,-58.16,-50.36,-57.92,-63.38,-50.62,-60.35,-53.25,-48.60,-56.69,-56.59,-66.38,-73.67,-80.00,-80.00,-80.00,-80.00,-80.00,-80.00,-80.00,-80.00,-80.00,-80.00
47.0,processed,-80.00,-80.00,-75.01,-65.01,-67.77,-69.22,-59.14,-59.87,-68.69,-66.07,-65.26,-55.71,-67.31,-63.51,-60.67,-67.15,-62.65,-57.12,-67.02,-69.36,-76.48,-80.00,-80.00,-80.00,-80.00,-80.00,-80.00,-80.00,-80.00,-80.00,-80.00,-80.00
47.1,ref,-80.00,-80.00,-80.00,-77.46,-72.12,-59.88,-57.89,-59.12,-59.08,-56.43,-55.49,-50.29,-56.21,-56.73,-46.53,-57.24,-50.97,-50.81,-56.98,-58.67,-66.62,-71.87,-76.47,-76.25,-78.01,-80.00,-80.00,-80.00,-80.00,-80.00,-80.00,-80.00
47.1,room,-80.00,-80.00,-80.00,-67.40,-69.16,-54.29,-58.67,-52.50,-55.10,-57.46,-55.82,-56.14,-58.14,-57.73,-50.17,-60.97,-58.43,-55.38,-62.31,-65.40,-75.13,-75.87,-79.35,-80.00,-80.00,-80.00,-80.00,-80.00,-80.00,-80.00,-80.00,-80.00
47.1,processed,-80.00,-80.00,-80.00,-78.42,-66.98,-60.99,-60.95,-55.24,-63.58,-64.88,-60.82,-54.78,-65.19,-63.90,-56.50,-63.65,-62.04,-57.67,-65.30,-68.06,-76.15,-79.60,-80.00,-80.00,-80.00,-80.00,-80.00,-80.00,-80.00,-80.00,-80.00,-80.00
47.2,ref,-80.00,-80.00,-80.00,-80.00,-58.72,-62.25,-67.79,-66.25,-74.17,-66.44,-65.50,-60.95,-65.37,-62.01,-54.55,-63.49,-58.00,-61.57,-62.22,-70.19,-71.76,-73.99,-77.61,-78.70,-80.00,-80.00,-80.00,-80.00,-80.00,-80.00,-80.00,-80.00
47.2,room,-80.00,-80.00,-80.00,-77.21,-51.85,-49.37,-56.15,-54.00,-56.77,-63.88,-64.15,-57.07,-60.30,-62.19,-53.47,-62.30,-55.79,-59.87,-62.37,-70.78,-71.28,-75.39,-78.09,-79.69,-80.00,-80.00,-80.00,-80.00,-80.00,-80.00,-80.00,-80.00
47.2,processed,-80.00,-80.00,-80.00,-78.13,-56.40,-58.03,-59.86,-57.26,-60.61,-62.91,-64.36,-54.79,-64.47,-64.69,-57.49,-64.60,-61.05,-58.06,-66.83,-69.01,-77.94,-80.00,-80.00,-80.00,-80.00,-80.00,-80.00,-80.00,-80.00,-80.00,-80.00,-80.00
47.3,ref,-80.00,-80.00,-80.00,-76.26,-62.56,-69.16,-59.66,-56.09,-68.10,-70.05,-65.49,-60.00,-63.44,-55.20,-54.72,-60.52,-56.36,-61.65,-61.70,-72.52,-70.47,-73.75,-78.22,-78.63,-80.00,-80.00,-80.00,-80.00,-80.00,-80.00,-80.00,-80.00
47.3,room,-80.00,-80.00,-80.00,-67.12,-56.34,-54.14,-53.58,-48.16,-59.73,-60.81,-60.16,-58.33,-64.23,-58.97,-54.62,-64.11,-56.23,-56.68,-61.69,-69.26,-71.45,-75.20,-79.13,-79.76,-80.00,-80.00,-80.00,-80.00,-80.00,-80.00,-80.00,-80.00
47.3,processed,-80.00,-80.00,-80.00,-76.51,-59.49,-57.91,-59.00,-53.89,-63.76,-67.53,-62.90,-58.13,-66.72,-61.83,-58.79,-65.94,-61.97,-60.44,-63.69,-69.76,-77.02,-80.00,-80.00,-80.00,-80.00,-80.00,-80.00,-80.00,-80.00,-80.00,-80.00,-80.00
47.4,ref,-80.00,-80.00,-80.00,-78.50,-68.84,-65.65,-60.51,-54.69,-69.22,-71.45,-66.21,-63.09,-58.26,-54.26,-52.05,-59.81,-52.87,-54.32,-59.33,-70.02,-71.07,-73.48,-78.92,-79.82,-80.00,-80.00,-80.00,-80.00,-80.00,-80.00,-80.00,-80.00
47.4,room,-80.00,-80.00,-77.56,-71.32,-58.93,-53.84,-48.24,-48.18,-65.53,-63.50,-62.24,-58.39,-60.79,-57.72,-53.50,-61.78,-52.80,-51.66,-59.87,-64.39,-71.32,-74.63,-80.00,-80.00,-80.00,-80.00,-80.00,-80.00,-80.00,-80.00,-80.00,-80.00
47.4,processed,-80.00,-80.00,-80.00,-75.66,-65.09,-65.86,-53.14,-48.89,-64.96,-68.59,-64.53,-57.08,-64.48,-64.12,-59.74,-65.12,-61.28,-59.41,-66.12,-70.83,-77.46,-79.99,-80.00,-80.00,-80.00,-80.00,-80.00,-80.00,-80.00,-80.00,-80.00,-80.00
47.5,ref,-63.25,-58.98,-54.32,-52.32,-49.94,-49.08,-48.60,-46.60,-41.64,-42.29,-40.20,-41.33,-49.82,-53.85,-54.57,-58.72,-47.05,-51.29,-58.10,-57.64,-66.25,-70.90,-75.53,-77.70,-77.62,-80.00,-80.00,-80.00,-80.00,-80.00,-80.00,-80.00
47.5,room,-71.08,-69.33,-63.78,-52.22,-46.91,-41.73,-40.47,-42.32,-33.88,-36.43,-41.77,-35.85,-46.15,-54.02,-53.88,-61.37,-49.97,-49.38,-57.64,-55.83,-66.98,-71.14,-78.98,-79.84,-80.00,-80.00,-80.00,-80.00,-80.00,-80.00,-80.00,-80.00
47.5,processed,-75.07,-69.19,-62.86,-58.23,-54.07,-54.42,-52.68,-52.67,-57.75,-51.75,-49.18,-52.09,-59.90,-63.00,-60.61,-62.94,-61.66,-59.87,-65.99,-68.36,-77.24,-79.96,-80.00,-80.00,-80.00,-80.00,-80.00,-80.00,-80.00,-80.00,-80.00,-80.00
47.6,ref,-50.60,-46.20,-42.83,-37.44,-28.56,-23.08,-27.05,-32.91,-38.96,-39.42,-43.33,-45.64,-52.02,-53.93,-51.80,-60.74,-55.00,-56.85,-65.49,-66.21,-71.60,-73.07,-76.23,-78.84,-80.00,-80.00,-80.00,-80.00,-80.00,-80.00,-80.00,-80.00
47.6,room,-50.04,-49.83,-51.40,-64.61,-29.89,-22.47,-25.84,-27.57,-37.81,-45.16,-45.71,-46.54,-48.42,-56.38,-53.05,-59.83,-55.36,-54.35,-65.35,-63.51,-72.35,-75.80,-79.31,-80.00,-80.00,-80.00,-80.00,-80.00,-80.00,-80.00,-80.00,-80.00
47.6,processed,-59.55,-55.56,-49.98,-44.33,-34.36,-29.68,-29.56,-27.70,-38.46,-45.07,-46.44,-48.62,-54.33,-59.14,-62.38,-62.83,-57.72,-60.11,-65.81,-69.91,-77.77,-80.00,-80.00,-80.00,-80.00,-80.00,-80.00,-80.00,-80.00,-80.00,-80.00,-80.00
47.7,ref,-47.68,-45.88,-45.46,-43.66,-21.27,-31.29,-43.24,-32.35,-49.72,-49.54,-47.11,-53.53,-56.77,-54.16,-45.33,-62.52,-62.49,-58.34,-70.10,-68.73,-73.54,-75.43,-76.99,-79.47,-80.00,-80.00,-80.00,-80.00,-80.00,-80.00,-80.00,-80.00
47.7,room,-57.72,-53.96,-44.92,-44.23,-21.59,-25.21,-33.19,-29.67,-39.30,-41.00,-48.69,-48.91,-55.25,-59.17,-48.24,-60.87,-57.72,-56.03,-65.38,-66.88,-72.00,-75.02,-77.03,-80.00,-80.00,-80.00,-80.00,-80.00,-80.00,-80.00,-80.00,-80.00
47.7,processed,-55.42,-53.43,-50.61,-50.70,-22.72,-27.44,-29.19,-29.26,-38.39,-46.55,-49.12,-43.22,-62.60,-59.05,-59.10,-64.03,-60.62,-59.61,-68.00,-70.34,-79.65,-80.00,-80.00,-80.00,-80.00,-80.00,-80.00,-80.00,-80.00,-80.00,-80.00,-80.00
47.8,ref,-69.61,-49.16,-34.16,-25.44,-25.77,-28.62,-29.79,-36.42,-44.14,-48.58,-52.17,-50.86,-57.55,-61.54,-47.79,-65.89,-60.18,-55.72,-70.98,-69.49,-71.69,-75.13,-78.47,-80.00,-80.00,-80.00,-80.00,-80.00,-80.00,-80.00,-80.00,-80.00
47.8,room,-53.47,-54.28,-40.78,-32.10,-30.16,-25.96,-29.93,-32.46,-41.57,-46.96,-51.62,-49.61,-55.13,-62.51,-52.43,-60.55,-58.82,-51.56,-67.71,-65.47,-70.62,-75.68,-77.81,-80.00,-80.00,-80.00,-80.00,-80.00,-80.00,-80.00,-80.00,-80.00
47.8,processed,-71.09,-57.77,-40.98,-29.77,-30.58,-29.63,-35.34,-28.97,-39.24,-49.23,-46.30,-44.33,-57.10,-59.58,-56.51,-65.68,-60.16,-59.23,-66.01,-70.77,-77.55,-80.00,-80.00,-80.00,-80.00,-80.00,-80.00,-80.00,-80.00,-80.00,-80.00,-80.00
47.9,ref,-53.89,-49.46,-30.81,-21.66,-30.00,-33.10,-30.96,-37.20,-40.97,-50.20,-54.62,-58.13,-57.86,-57.63,-51.06,-65.15,-63.17,-55.59,-69.06,-70.15,-73.49,-75.20,-76.45,-80.00,-80.00,-80.00,-80.00,-80.00,-80.00,-80.00,-80.00,-80.00
47.9,room,-52.88,-48.20,-39.04,-26.33,-25.69,-25.03,-29.48,-36.32,-45.87,-45.92,-53.34,-49.33,-55.70,-58.95,-51.19,-60.77,-57.76,-54.74,-63.37,-62.99,-71.25,-73.94,-78.08,-80.00,-80.00,-80.00,-80.00,-80.00,-80.00,-80.00,-80.00,-80.00
47.9,processed,-64.52,-58.59,-36.81,-23.96,-26.79,-28.06,-32.45,-33.09,-45.31,-47.89,-47.82,-45.39,-54.69,-56.50,-57.13,-66.49,-62.30,-60.33,-68.95,-71.95,-78.90,-80.00,-80.00,-80.00,-80.00,-80.00,-80.00,-80.00,-80.00,-80.00,-80.00,-80.00
48.0,ref,-64.44,-42.40,-29.02,-29.14,-37.43,-38.17,-32.71,-36.57,-36.82,-38.53,-37.70,-39.18,-48.60,-54.81,-47.43,-56.50,-49.38,-49.33,-55.40,-56.84,-64.85,-69.29,-73.56,-76.52,-75.55,-77.68,-79.81,-80.00,-80.00,-80.00,-80.00,-80.00
48.0,room,-54.04,-52.70,-40.40,-28.85,-28.55,-30.19,-29.49,-33.60,-31.66,-37.64,-43.57,-37.63,-48.32,-56.06,-51.85,-58.90,-55.30,-51.37,-59.86,-59.99,-70.37,-73.55,-79.10,-80.00,-80.00,-80.00,-80.00,-80.00,-80.00,-80.00,-80.00,-80.00
48.0,processed,-65.12,-58.86,-36.12,-28.85,-31.43,-33.47,-31.26,-35.99,-35.84,-46.58,-43.98,-42.61,-55.79,-60.63,-55.76,-62.51,-59.63,-58.41,-66.82,-68.52,-76.09,-80.00,-80.00,-80.00,-80.00,-80.00,-80.00,-80.00,-80.00,-80.00,-80.00,-80.00
48.1,ref,-49.77,-50.27,-42.74,-38.66,-23.80,-22.76,-30.71,-37.98,-47.91,-41.98,-45.66,-53.38,-58.04,-55.44,-48.53,-63.13,-58.37,-61.77,-63.83,-70.53,-72.78,-75.49,-78.24,-80.00,-80.00,-80.00,-80.00,-80.00,-80.00,-80.00,-80.00,-80.00
48.1,room,-46.47,-42.44,-42.67,-40.88,-23.08,-22.92,-31.65,-30.10,-38.02,-44.05,-47.02,-47.37,-52.25,-53.06,-54.62,-61.93,-56.39,-57.32,-63.97,-65.00,-71.75,-73.53,-77.99,-80.00,-80.00,-80.00,-80.00,-80.00,-80.00,-80.00,-80.00,-80.00
48.1,processed,-59.78,-70.14,-54.03,-45.02,-22.01,-23.56,-25.57,-28.68,-37.21,-47.27,-47.59,-46.76,-56.77,-64.34,-54.50,-65.07,-61.98,-59.99,-68.72,-70.40,-78.81,-80.00,-80.00,-80.00,-80.00,-80.00,-80.00,-80.00,-80.00,-80.00,-80.00,-80.00
48.2,ref,-54.05,-60.96,-61.24,-57.16,-31.05,-37.49,-30.57,-27.74,-49.28,-56.31,-54.64,-54.57,-59.63,-50.76,-57.35,-63.06,-54.21,-63.48,-64.68,-71.39,-72.34,-73.84,-77.57,-80.00,-80.00,-80.00,-80.00,-80.00,-80.00,-80.00,-80.00,-80.00
48.2,room,-51.89,-56.63,-46.60,-35.89,-26.94,-34.17,-27.43,-24.27,-41.35,-52.29,-54.12,-53.23,-58.71,-51.79,-53.62,-61.92,-56.60,-55.64,-60.76,-65.69,-71.87,-74.24,-78.82,-80.00,-80.00,-80.00,-80.00,-80.00,-80.00,-80.00,-80.00,-80.00
48.2,processed,-57.90,-65.50,-49.28,-41.81,-30.95,-29.01,-26.49,-21.89,-41.26,-53.41,-46.41,-43.95,-58.14,-56.75,-58.09,-67.73,-62.98,-60.86,-66.93,-71.00,-78.67,-80.00,-80.00,-80.00,-80.00,-80.00,-80.00,-80.00,-80.00,-80.00,-80.00,-80.00
48.3,ref,-65.68,-63.63,-46.75,-36.99,-23.95,-25.56,-29.49,-34.93,-43.30,-49.78,-57.37,-52.01,-52.77,-51.60,-49.96,-60.63,-53.15,-53.39,-61.20,-67.76,-71.85,-74.78,-78.90,-80.00,-80.00,-80.00,-80.00,-80.00,-80.00,-80.00,-80.00,-80.00
48.3,room,-71.27,-58.83,-52.63,-37.02,-27.77,-25.62,-30.01,-30.79,-42.93,-47.03,-50.42,-41.49,-52.17,-53.96,-56.50,-62.81,-53.89,-54.05,-58.43,-60.33,-70.29,-72.79,-80.00,-80.00,-80.00,-80.00,-80.00,-80.00,-80.00,-80.00,-80.00,-80.00
48.3,processed,-59.69,-58.66,-50.05,-33.68,-26.36,-29.87,-28.55,-25.95,-43.35,-48.60,-48.60,-45.90,-54.66,-57.60,-58.21,-66.44,-60.44,-61.36,-66.49,-71.54,-79.22,-80.00,-80.00,-80.00,-80.00,-80.00,-80.00,-80.00,-80.00,-80.00,-80.00,-80.00
48.4,ref,-66.98,-66.56,-44.32,-40.93,-33.19,-30.59,-27.86,-33.39,-34.96,-36.46,-37.56,-39.10,-47.76,-50.34,-54.62,-59.24,-48.38,-51.23,-57.06,-57.60,-66.82,-70.49,-74.81,-76.24,-77.08,-79.39,-80.00,-80.00,-80.00,-80.00,-80.00,-80.00
48.4,room,-57.36,-49.84,-45.16,-45.41,-30.20,-27.15,-25.54,-30.40,-37.13,-40.39,-42.54,-43.76,-47.45,-53.10,-55.90,-59.56,-55.07,-53.48,-62.15,-66.11,-71.75,-72.05,-76.21,-79.39,-80.00,-80.00,-80.00,-80.00,-80.00,-80.00,-80.00,-80.00
48.4,processed,-59.67,-63.79,-54.29,-43.61,-27.52,-26.18,-27.16,-27.51,-38.14,-42.51,-46.29,-45.43,-54.12,-60.46,-60.68,-65.99,-58.68,-60.84,-65.46,-68.41,-77.15,-80.00,-80.00,-80.00,-80.00,-80.00,-80.00,-80.00,-80.00,-80.00,-80.00,-80.00
48.5,ref,-52.13,-50.08,-47.97,-39.54,-21.80,-23.28,-38.31,-39.37,-52.07,-47.28,-50.21,-56.56,-54.17,-55.33,-47.85,-62.14,-60.93,-59.35,-68.24,-69.46,-72.66,-73.65,-75.81,-78.33,-80.00,-80.00,-80.00,-80.00,-80.00,-80.00,-80.00,-80.00
48.5,room,-48.16,-50.72,-46.18,-39.72,-24.67,-23.94,-29.68,-29.99,-39.94,-48.76,-50.14,-52.77,-52.93,-57.13,-50.53,-63.87,-54.70,-56.26,-66.62,-65.68,-68.66,-71.80,-79.51,-79.23,-80.00,-80.00,-80.00,-80.00,-80.00,-80.00,-80.00,-80.00
48.5,processed,-56.18,-58.02,-55.84,-39.36,-25.35,-26.41,-25.26,-25.16,-37.87,-45.92,-50.53,-45.97,-56.72,-58.89,-60.72,-67.88,-60.17,-60.86,-65.36,-70.02,-78.72,-80.00,-80.00,-80.00,-80.00,-80.00,-80.00,-80.00,-80.00,-80.00,-80.00,-80.00
48.6,ref,-55.60,-53.05,-41.17,-33.21,-21.46,-31.40,-40.95,-32.18,-46.86,-49.90,-55.52,-53.06,-60.98,-60.80,-48.19,-62.50,-56.94,-57.79,-68.60,-69.12,-72.52,-75.17,-75.55,-79.04,-80.00,-80.00,-80.00,-80.00,-80.00,-80.00,-80.00,-80.00
48.6,room,-69.06,-53.32,-43.97,-47.84,-21.55,-24.88,-30.31,-30.47,-39.98,-44.69,-51.10,-48.94,-57.43,-59.82,-53.74,-64.03,-57.48,-54.55,-67.71,-69.29,-72.01,-73.40,-77.35,-80.00,-80.00,-80.00,-80.00,-80.00,-80.00,-80.00,-80.00,-80.00
48.6,processed,-61.37,-63.74,-48.32,-35.88,-20.54,-23.52,-31.83,-29.30,-42.07,-45.54,-48.02,-48.93,-58.14,-57.17,-59.80,-64.37,-63.73,-59.99,-65.07,-70.40,-79.11,-80.00,-80.00,-80.00,-80.00,-80.00,-80.00,-80.00,-80.00,-80.00,-80.00,-80.00
48.7,ref,-56.35,-59.34,-40.19,-23.49,-27.01,-38.00,-37.21,-35.64,-48.72,-49.34,-52.75,-52.56,-61.09,-60.31,-55.76,-64.69,-61.27,-55.68,-68.75,-70.19,-72.69,-75.16,-76.52,-78.34,-80.00,-80.00,-80.00,-80.00,-80.00,-80.00,-80.00,-80.00
48.7,room,-53.80,-50.40,-41.69,-27.13,-25.29,-29.02,-25.50,-29.69,-42.83,-46.15,-50.93,-50.44,-56.94,-60.13,-50.90,-63.40,-59.03,-54.47,-65.33,-69.73,-73.22,-74.30,-77.46,-80.00,-80.00,-80.00,-80.00,-80.00,-80.00,-80.00,-80.00,-80.00
48.7,processed,-60.14,-69.40,-42.28,-25.93,-25.21,-31.51,-29.76,-28.74,-38.51,-46.08,-51.91,-45.27,-56.48,-56.79,-60.45,-68.64,-63.78,-59.35,-65.82,-70.79,-79.95,-80.00,-80.00,-80.00,-80.00,-80.00,-80.00,-80.00,-80.00,-80.00,-80.00,-80.00
48.8,ref,-52.05,-39.57,-25.67,-23.89,-35.70,-39.37,-32.00,-45.07,-43.42,-47.31,-44.12,-43.45,-54.71,-57.58,-51.62,-60.70,-54.57,-51.58,-59.64,-60.22,-69.39,-73.07,-75.56,-76.48,-79.77,-80.00,-80.00,-80.00,-80.00,-80.00,-80.00,-80.00
48.8,room,-61.75,-63.76,-36.28,-25.75,-28.38,-32.74,-29.70,-36.02,-39.08,-41.14,-43.03,-37.23,-50.94,-58.25,-51.15,-62.54,-53.71,-51.55,-58.53,-58.55,-67.92,-74.92,-79.43,-80.00,-80.00,-80.00,-80.00,-80.00,-80.00,-80.00,-80.00,-80.00
48.8,processed,-58.27,-51.61,-33.05,-25.76,-34.67,-34.11,-32.95,-34.21,-41.08,-45.10,-53.22,-46.28,-59.10,-61.40,-60.46,-66.85,-62.48,-58.72,-67.34,-69.84,-77.50,-80.00,-80.00,-80.00,-80.00,-80.00,-80.00,-80.00,-80.00,-80.00,-80.00,-80.00
48.9,ref,-54.83,-44.49,-41.33,-45.27,-31.78,-24.25,-27.21,-32.53,-36.57,-38.15,-41.98,-40.49,-51.59,-52.32,-49.36,-59.81,-54.84,-53.73,-60.48,-62.17,-69.58,-72.78,-77.47,-77.41,-80.00,-80.00,-80.00,-80.00,-80.00,-80.00,-80.00,-80.00
48.9,room,-65.63,-57.99,-47.53,-41.42,-31.27,-23.92,-26.76,-26.47,-40.21,-43.41,-43.37,-47.47,-52.17,-56.94,-49.94,-63.70,-58.96,-56.28,-66.01,-66.83,-72.06,-79.66,-80.00,-80.00,-80.00,-80.00,-80.00,-80.00,-80.00,-80.00,-80.00,-80.00
48.9,processed,-64.51,-66.40,-41.85,-45.94,-29.75,-34.77,-31.14,-27.14,-37.68,-42.13,-45.67,-45.96,-58.53,-59.39,-58.17,-64.86,-62.54,-57.18,-66.91,-69.30,-78.39,-80.00,-80.00,-80.00,-80.00,-80.00,-80.00,-80.00,-80.00,-80.00,-80.00,-80.00
49.0,ref,-52.92,-45.45,-44.47,-44.21,-19.80,-29.64,-36.57,-36.01,-52.43,-48.48,-49.01,-48.20,-60.86,-58.40,-54.85,-64.82,-62.11,-62.42,-65.19,-68.96,-72.56,-75.01,-78.91,-78.06,-80.00,-80.00,-80.00,-80.00,-80.00,-80.00,-80.00,-80.00
49.0,room,-65.31,-51.86,-42.46,-41.50,-20.82,-24.06,-29.95,-32.15,-39.85,-46.89,-51.36,-50.05,-56.95,-59.13,-56.08,-63.07,-58.04,-58.37,-67.74,-66.86,-74.13,-79.37,-80.00,-80.00,-80.00,-80.00,-80.00,-80.00,-80.00,-80.00,-80.00,-80.00
49.0,processed,-63.61,-56.73,-49.59,-39.63,-19.66,-23.78,-25.81,-27.89,-40.02,-44.55,-47.43,-43.26,-56.60,-62.98,-61.78,-63.97,-63.83,-56.93,-68.44,-71.19,-79.23,-80.00,-80.00,-80.00,-80.00,-80.00,-80.00,-80.00,-80.00,-80.00,-80.00,-80.00
49.1,ref,-54.15,-53.79,-49.74,-38.21,-24.23,-34.28,-30.62,-28.36,-51.03,-52.19,-50.98,-48.80,-57.86,-49.51,-57.59,-64.77,-55.72,-63.27,-66.06,-72.49,-71.39,-74.86,-78.62,-77.69,-80.00,-80.00,-80.00,-80.00,-80.00,-80.00,-80.00,-80.00
49.1,room,-52.35,-70.71,-46.50,-35.83,-24.97,-30.71,-27.24,-25.10,-41.39,-50.95,-50.34,-51.46,-62.03,-57.49,-55.96,-59.86,-58.79,-60.69,-64.67,-66.41,-75.51,-78.09,-80.00,-80.00,-80.00,-80.00,-80.00,-80.00,-80.00,-80.00,-80.00,-80.00
49.1,processed,-59.27,-60.53,-50.60,-38.48,-21.91,-27.37,-28.41,-24.23,-43.11,-47.71,-48.56,-44.60,-58.56,-54.85,-63.53,-67.40,-63.95,-59.77,-66.78,-70.23,-80.00,-80.00,-80.00,-80.00,-80.00,-80.00,-80.00,-80.00,-80.00,-80.00,-80.00,-80.00
49.2,ref,-59.45,-56.06,-49.37,-40.48,-27.14,-29.40,-28.84,-29.33,-47.91,-51.05,-51.93,-50.29,-50.09,-50.75,-51.93,-61.48,-56.20,-53.70,-60.19,-70.62,-74.17,-76.20,-79.55,-80.00,-80.00,-80.00,-80.00,-80.00,-80.00,-80.00,-80.00,-80.00
49.2,room,-67.31,-54.95,-48.79,-41.25,-25.45,-27.65,-25.85,-25.07,-47.73,-53.47,-55.46,-49.20,-54.60,-55.57,-53.50,-64.53,-60.01,-55.36,-64.73,-66.22,-73.68,-77.81,-80.00,-80.00,-80.00,-80.00,-80.00,-80.00,-80.00,-80.00,-80.00,-80.00
49.2,processed,-61.86,-77.51,-45.83,-41.40,-26.38,-34.19,-25.51,-22.71,-42.34,-48.56,-50.87,-44.79,-56.27,-58.05,-63.78,-67.50,-62.94,-58.83,-67.07,-70.44,-80.00,-80.00,-80.00,-80.00,-80.00,-80.00,-80.00,-80.00,-80.00,-80.00,-80.00,-80.00
49.3,ref,-52.04,-47.27,-43.42,-40.76,-33.76,-25.68,-26.82,-31.07,-35.54,-36.80,-40.11,-40.06,-50.28,-50.66,-54.40,-59.41,-51.34,-53.91,-60.26,-60.51,-69.43,-72.92,-76.86,-76.98,-80.00,-80.00,-80.00,-80.00,-80.00,-80.00,-80.00,-80.00
49.3,room,-58.30,-51.40,-46.42,-43.82,-31.46,-25.40,-25.51,-27.14,-36.22,-44.33,-44.49,-46.64,-49.29,-55.45,-54.09,-63.64,-59.25,-55.84,-65.83,-66.46,-73.43,-78.15,-80.00,-80.00,-80.00,-80.00,-80.00,-80.00,-80.00,-80.00,-80.00,-80.00
49.3,processed,-56.66,-55.92,-47.90,-40.41,-34.33,-29.38,-27.11,-24.93,-37.72,-40.62,-42.70,-43.83,-53.69,-59.37,-67.58,-63.31,-58.34,-58.05,-64.10,-67.95,-77.52,-80.00,-80.00,-80.00,-80.00,-80.00,-80.00,-80.00,-80.00,-80.00,-80.00,-80.00
49.4,ref,-51.73,-47.01,-41.87,-36.01,-25.64,-22.94,-28.16,-34.25,-42.33,-41.26,-46.49,-47.37,-53.33,-54.25,-52.63,-61.71,-56.05,-58.49,-68.21,-67.82,-73.31,-74.18,-77.72,-78.89,-80.00,-80.00,-80.00,-80.00,-80.00,-80.00,-80.00,-80.00
49.4,room,-50.86,-45.29,-43.14,-41.75,-25.02,-22.96,-27.24,-28.75,-36.85,-47.47,-45.28,-48.74,-49.65,-58.04,-53.28,-63.04,-59.21,-55.42,-67.25,-67.42,-73.48,-78.80,-80.00,-80.00,-80.00,-80.00,-80.00,-80.00,-80.00,-80.00,-80.00,-80.00
49.4,processed,-59.49,-60.30,-48.98,-38.63,-22.42,-22.50,-25.82,-26.31,-38.14,-46.42,-43.66,-47.80,-56.11,-57.95,-66.53,-65.14,-61.61,-61.26,-65.97,-68.60,-78.64,-80.00,-80.00,-80.00,-80.00,-80.00,-80.00,-80.00,-80.00,-80.00,-80.00,-80.00
49.5,ref,-59.77,-47.71,-33.85,-23.42,-27.53,-33.78,-31.61,-34.78,-48.53,-49.57,-50.35,-52.89,-58.48,-61.08,-51.68,-67.04,-57.62,-57.57,-68.20,-68.13,-72.99,-75.16,-77.24,-79.97,-80.00,-80.00,-80.00,-80.00,-80.00,-80.00,-80.00,-80.00
49.5,room,-66.27,-65.95,-42.24,-29.99,-36.64,-28.10,-28.74,-27.62,-44.22,-51.56,-53.40,-48.04,-62.02,-62.79,-56.08,-64.64,-59.31,-55.90,-66.56,-68.06,-74.26,-78.81,-80.00,-80.00,-80.00,-80.00,-80.00,-80.00,-80.00,-80.00,-80.00,-80.00
49.5,processed,-63.93,-62.27,-40.57,-27.74,-30.08,-30.06,-28.65,-29.06,-43.40,-52.57,-48.87,-42.21,-59.14,-55.58,-58.15,-66.65,-61.78,-58.51,-65.93,-70.06,-79.82,-80.00,-80.00,-80.00,-80.00,-80.00,-80.00,-80.00,-80.00,-80.00,-80.00,-80.00
49.6,ref,-53.79,-49.23,-28.03,-21.12,-28.79,-34.98,-32.75,-42.80,-40.08,-48.86,-52.98,-53.01,-56.49,-57.76,-50.95,-65.29,-60.94,-56.84,-68.02,-67.56,-74.71,-76.30,-78.39,-80.00,-80.00,-80.00,-80.00,-80.00,-80.00,-80.00,-80.00,-80.00
49.6,room,-64.28,-61.32,-39.36,-24.62,-23.30,-28.07,-31.19,-32.19,-40.43,-49.95,-50.57,-45.67,-55.44,-60.74,-51.11,-62.51,-56.13,-55.93,-62.01,-62.74,-72.62,-77.49,-80.00,-80.00,-80.00,-80.00,-80.00,-80.00,-80.00,-80.00,-80.00,-80.00
49.6,processed,-60.61,-58.95,-34.12,-22.85,-22.11,-26.72,-33.44,-31.97,-42.32,-47.88,-52.06,-42.27,-57.31,-59.51,-61.87,-66.84,-61.77,-58.54,-67.97,-69.95,-80.00,-80.00,-80.00,-80.00,-80.00,-80.00,-80.00,-80.00,-80.00,-80.00,-80.00,-80.00
49.7,ref,-60.91,-42.07,-31.58,-31.44,-36.95,-38.32,-29.08,-33.65,-34.36,-36.47,-36.52,-38.25,-47.32,-53.46,-49.15,-57.47,-49.42,-49.79,-54.68,-55.96,-65.69,-68.93,-74.57,-74.87,-74.69,-78.96,-79.26,-80.00,-80.00,-80.00,-80.00,-80.00
49.7,room,-58.07,-62.50,-41.56,-30.41,-34.57,-38.52,-26.84,-32.88,-30.67,-37.51,-42.85,-40.75,-50.54,-57.00,-51.62,-61.51,-57.63,-55.60,-61.42,-63.27,-72.86,-77.32,-80.00,-80.00,-80.00,-80.00,-80.00,-80.00,-80.00,-80.00,-80.00,-80.00
49.7,processed,-75.54,-53.15,-38.46,-30.90,-30.07,-33.63,-32.37,-34.31,-34.59,-46.41,-43.19,-41.01,-54.56,-58.74,-57.33,-64.08,-59.84,-59.74,-65.21,-67.70,-78.06,-79.81,-80.00,-80.00,-80.00,-80.00,-80.00,-80.00,-80.00,-80.00,-80.00,-80.00
49.8,ref,-49.16,-52.43,-42.29,-49.51,-22.30,-22.37,-35.02,-40.09,-49.25,-42.74,-44.98,-52.88,-56.34,-57.59,-52.63,-63.55,-61.44,-59.69,-66.93,-70.89,-73.20,-75.61,-78.92,-80.00,-80.00,-80.00,-80.00,-80.00,-80.00,-80.00,-80.00,-80.00
49.8,room,-52.79,-52.06,-47.30,-41.45,-22.80,-22.47,-31.30,-36.92,-39.67,-48.76,-45.78,-50.00,-55.49,-62.71,-56.64,-63.28,-59.15,-58.41,-65.63,-66.44,-75.56,-77.51,-77.30,-80.00,-80.00,-80.00,-80.00,-80.00,-80.00,-80.00,-80.00,-80.00
49.8,processed,-59.84,-65.09,-47.60,-38.35,-19.87,-22.03,-25.49,-34.43,-35.08,-46.54,-45.13,-45.36,-57.51,-61.14,-56.75,-67.04,-63.68,-60.47,-69.75,-69.76,-79.01,-80.00,-80.00,-80.00,-80.00,-80.00,-80.00,-80.00,-80.00,-80.00,-80.00,-80.00
49.9,ref,-54.32,-47.70,-55.15,-39.72,-21.05,-30.60,-34.48,-30.97,-48.65,-54.16,-49.62,-51.91,-57.66,-55.17,-53.61,-66.25,-60.28,-61.64,-66.53,-70.12,-73.78,-75.43,-79.80,-80.00,-80.00,-80.00,-80.00,-80.00,-80.00,-80.00,-80.00,-80.00
49.9,room,-51.50,-49.11,-41.95,-34.41,-22.81,-27.62,-30.34,-28.08,-40.66,-43.87,-51.00,-49.90,-55.45,-59.89,-55.34,-65.10,-59.53,-61.05,-65.75,-66.58,-72.21,-77.58,-78.77,-80.00,-80.00,-80.00,-80.00,-80.00,-80.00,-80.00,-80.00,-80.00
49.9,processed,-57.97,-62.68,-52.52,-37.80,-18.39,-21.59,-30.57,-28.92,-42.55,-46.14,-44.91,-46.85,-59.69,-61.96,-60.30,-69.24,-64.18,-60.10,-65.79,-71.14,-79.72,-80.00,-80.00,-80.00,-80.00,-80.00,-80.00,-80.00,-80.00,-80.00,-80.00,-80.00
50.0,ref,-56.36,-59.85,-50.49,-49.31,-31.41,-37.77,-30.01,-28.57,-51.34,-57.72,-55.22,-55.63,-58.44,-52.77,-53.90,-66.40,-55.55,-61.22,-65.83,-73.03,-72.27,-74.10,-79.18,-80.00,-80.00,-80.00,-80.00,-80.00,-80.00,-80.00,-80.00,-80.00
50.0,room,-56.24,-52.91,-45.52,-36.70,-28.03,-31.02,-28.18,-25.38,-46.67,-50.15,-54.64,-50.93,-56.02,-57.49,-57.20,-63.30,-55.07,-57.85,-64.69,-66.75,-71.65,-77.29,-78.42,-80.00,-80.00,-80.00,-80.00,-80.00,-80.00,-80.00,-80.00,-80.00
50.0,processed,-61.67,-60.50,-47.19,-37.69,-32.47,-32.61,-27.40,-23.71,-42.65,-50.49,-48.64,-44.79,-59.51,-58.67,-62.31,-67.66,-63.69,-59.62,-66.20,-69.41,-79.57,-80.00,-80.00,-80.00,-80.00,-80.00,-80.00,-80.00,-80.00,-80.00,-80.00,-80.00
